{
	"description": "项目配置文件。",
	"setting": {
		"urlCheck": true,
		"es6": true,
		"postcss": true,
		"minified": true,
		"newFeature": true
	},
	"compileType": "miniprogram",
	"libVersion": "1.9.94",
	"appid": "wx233b1d69599905a7",
	"projectname": "%E5%BE%AE%E5%90%8D%E7%89%87",
	"condition": {
		"search": {
			"current": -1,
			"list": []
		},
		"conversation": {
			"current": -1,
			"list": []
		},
		"plugin": {
			"current": -1,
			"list": []
		},
		"game": {
			"currentL": -1,
			"list": []
		},
		"miniprogram": {
			"current": 3,
			"list": [
				{
					"id": -1,
					"name": "pro",
					"pathName": "pages/pro/pro",
					"query": ""
				},
				{
					"id": -1,
					"name": "news",
					"pathName": "pages/news/news",
					"query": ""
				},
				{
					"id": -1,
					"name": "share",
					"pathName": "pages/share/share",
					"query": ""
				},
				{
					"id": -1,
					"name": "webview",
					"pathName": "pages/webview/webview",
					"query": ""
				}
			]
		}
	}
}