{
	"description": "项目配置文件。",
	"setting": {
		"urlCheck": false,
		"es6": true,
		"postcss": true,
		"minified": true,
		"newFeature": true
	},
	"compileType": "miniprogram",
	"libVersion": "1.9.97",
	"appid": "wx992ce5ac74289b31",
	"projectname": "%E5%95%86%E5%9F%8E",
	"condition": {
		"search": {
			"current": -1,
			"list": []
		},
		"conversation": {
			"current": -1,
			"list": []
		},
		"plugin": {
			"current": -1,
			"list": []
		},
		"game": {
			"currentL": -1,
			"list": []
		},
		"miniprogram": {
			"current": 2,
			"list": [
				{
					"id": 0,
					"name": "pro",
					"pathName": "pages/buy_success/buy_success",
					"query": ""
				},
				{
					"id": 1,
					"name": "group",
					"pathName": "pages/group/group",
					"query": "group_id=1&group_name=防晒"
				},
				{
					"id": 2,
					"name": "pro",
					"pathName": "pages/pro/pro",
					"query": ""
				}
			]
		}
	}
}