{
	"description": "项目配置文件。",
	"setting": {
		"urlCheck": false,
		"es6": true,
		"postcss": true,
		"minified": true,
		"newFeature": true
	},
	"compileType": "miniprogram",
	"libVersion": "1.9.97",
	"appid": "wx50c77a86ddcefb01",
	"projectname": "%E7%A7%A6%E6%9E%9C%E4%BC%98%E9%80%89",
	"condition": {
		"search": {
			"current": -1,
			"list": []
		},
		"conversation": {
			"current": -1,
			"list": []
		},
		"plugin": {
			"current": -1,
			"list": []
		},
		"game": {
			"currentL": -1,
			"list": []
		},
		"miniprogram": {
			"current": 0,
			"list": [
				{
					"id": 0,
					"name": "pro",
					"pathName": "pages/buy_success/buy_success",
					"query": ""
				},
				{
					"id": 1,
					"name": "group",
					"pathName": "pages/group/group",
					"query": "group_id=1&group_name=防晒"
				}
			]
		}
	}
}